{
	"name": "{jobname}",
	"category": {"name": "{category}"},
	"kind": "transfer",
	"transfer": {  
	   "transfer_type": "copy",
	   "conflict_resolution": "latest",
	   "delete_propagation": "ignore_both",
	   "timestamps": true,
	   "audit_level": "info",
	   "empty_containers": "create",
	   "segment_transform": true,
	   "segment_truncate": true,
	   "restricted_content": "convert",
	   "duplicate_names": "rename",
	   "max_items_per_container": 10000,
	   "item_inspection_policy": "none",
		"preserve_owners": true,
	   "permissions": {
			"policy": "none",
			"links": false,
			"failures": "none"
		},
	   "large_item": "fail",
	   "link_detection": false,
	   "lock_propagation": "ignore",
	   "rendition": "original",
	   "encode_invalid_characters": false,
	   "replace_leading_trailing_whitespace": true,
	   "simulation_mode": "{setting}",
	   "versioning": {
			"preserve": "none",
			"select": "all"
		},
            "filter": {
                "source": [{
                        "action": "exclude",
                        "rules": [{
                                "type": "filter_hidden"
                            }, {
                                "type": "filter_shared"
                            }
                        ],
                        "type": "filter_rule"
                    }
                ],
                "destination": [{
                        "action": "exclude",
                        "rules": [{
                                "type": "filter_hidden"
                            }, {
                                "type": "filter_shared"
                            }
                        ],
                        "type": "filter_rule"
                    }
                ]
            },
		"account_map": {
			"id": "{account_map_id}"
		 },
	   "source": {  
		  "connection": {  
			 "id": "{source_connection_id}"
		  },
		  "impersonate_as": {
			"username": "{source_user}"
		},
		  "target": {  
			 "path": "{source_target_path}"
			}
	   },
	   "destination": {  
		  "connection": {  
			 "id": "{destination_connection_id}"
		  },
		  "target":{  
			"path": "{destination_target_path}"
		  }
	   }
	},
	"schedule": {
		"mode": "manual"
	}
 }