{
	"name" : "{jobname}",
	"category":{  "name":"{category}"},
	"kind":"transfer",
	"transfer":{  
	   "transfer_type":"copy",
	   "conflict_resolution":"latest",
	   "delete_propagation":"ignore_source",
	   "timestamps":true,
	   "audit_level":"info",
	   "empty_containers":"create",
	   "segment_transform":true,
	   "segment_truncate": true,
	   "preserve_owners":true,
	   "permissions": {
			"policy": "add",
			"links": true,
			"failures": "none"
		},
	   "large_item":"skip",
	   "link_detection": false,
	   "rendition": "original",
	   "encode_invalid_characters": false,
	   "replace_leading_trailing_whitespace": true,
	   "versioning": {
			"preserve": "native",
			"select": "all"
		},
		"filter": {
			"source": [{
				"action": "exclude",
				"rules": [{
						"extensions": ["boxnote"],
						"type": "filter_extension"
					}
				],
				"type": "filter_rule"
				}, {
					"action": "exclude",
					"rules": [{
							"categories": ["Temporary"],
							"type": "filter_category"
						}
					],
					"type": "filter_rule"
				}, {
					"action": "exclude",
					"rules": [{
							"text": "$RECYCLE.BIN;.DS_Store;desktop.ini;thumbs.db",
							"targets": ["all"],
							"type": "filter_pattern"
						}
					],
					"type": "filter_rule"
				}, {
					"action": "exclude",
					"rules": [{
							"type": "filter_hidden"
						}, {
							"type": "filter_shared"
						}
					],
					"type": "filter_rule"
				}
			],
			"destination": [{
				"action": "exclude",
				"rules": [{
						"extensions": ["boxnote"],
						"type": "filter_extension"
					}
				],
				"type": "filter_rule"
				}, {
					"action": "exclude",
					"rules": [{
							"categories": ["Temporary"],
							"type": "filter_category"
						}
					],
					"type": "filter_rule"
				}, {
					"action": "exclude",
					"rules": [{
							"text": "$RECYCLE.BIN;.DS_Store;desktop.ini;thumbs.db",
							"targets": ["all"],
							"type": "filter_pattern"
						}
					],
					"type": "filter_rule"
				}, {
					"action": "exclude",
					"rules": [{
							"type": "filter_hidden"
						}, {
							"type": "filter_shared"
						}
					],
					"type": "filter_rule"
				}
			]
		},
		"account_map": {
			"id": "{{account_map_id}}"
		 },
		 "group_map": {
			"id": "{{group_map_id}}"
		 },
	   "source":{  
		  "connection":{  
			 "id":"{source_connection_id}"
		  },
		  "impersonate_as": {
			"email": "{source_user}",
			"username": "{source_user}"
		},
		  "target":{  
			 "path":"{source_target_path}"
		  }
	   },
	   "destination":{  
		  "connection":{  
			 "id":"{destination_connection_id}"
		  },
		  "target":{  
			 "path":"{destination_target_path}"
		  }
	   }
	},
	"schedule": {
		"mode": "manual"
	}
 }