{
    "name": "{connectionName}",
    "platform": {
        "id": "{platform_id}"
    },
    "auth": {
        "uri": "{connection_uri}",
        "domain": "{connection_uri}",
        "username": "{username}",
        "refresh_token": "{refresh_token}",
        "client_id": "b90d8e05-c7af-469c-b56f-02a38b792f49",
        "client_secret": ".]|!!@^|+@!;!;>>^{/;s};^?;2^^:)!;V*&?u_-|@A[@#?_(*$",
        "client_redirect": "https://api.portalarchitects.com/v1/external/oauth2",
        "auth_type": "oauth",
        "is_admin": true,
        "initialized": true,
        "resource_tokens": {
            "{authority}": {
                "token": "{access_token}"
            }
        }
    }
}