{
	"name" : "{jobname}",
	"category":{  "name":"{category}"},
	"kind":"transfer",
	"transfer":{  
	   "transfer_type":"copy",
	   "batch_mode":"always",
	   "conflict_resolution":"latest",
	   "delete_propagation":"ignore_destination",
	   "timestamps":true,
	   "audit_level":"trace",
	   "empty_containers":"create",
	   "link_detection": false,
	   "segment_transform":true,
	   "preserve_owners":true,
	   "permissions": {
			"policy": "add",
			"links": true,
			"failures": "none"
		},
	   "large_item":"skip",
	   "lock_propagation":"mirror_lock",
	   "restricted_content":"convert",
	   "versioning": {
			"preserve": "native",
			"select": "all"},
		"filter": {
			"source": [{
					"action": "exclude",
					"rules": [{
							"categories": ["Temporary"],
							"type": "filter_category"
						}
					],
					"type": "filter_rule"
				}, {
					"action": "exclude",
					"rules": [{
							"text": "$RECYCLE.BIN;.DS_Store;desktop.ini;thumbs.db",
							"targets": ["all"],
							"type": "filter_pattern"
						}
					],
					"type": "filter_rule"
				}, {
					"action": "exclude",
					"rules": [{
							"type": "filter_hidden"
						}, {
							"type": "filter_shared"
						}
					],
					"type": "filter_rule"
				}
			],
			"destination": [{
					"action": "exclude",
					"rules": [{
							"categories": ["Temporary"],
							"type": "filter_category"
						}
					],
					"type": "filter_rule"
				}, {
					"action": "exclude",
					"rules": [{
							"text": "$RECYCLE.BIN;.DS_Store;desktop.ini;thumbs.db",
							"targets": ["all"],
							"type": "filter_pattern"
						}
					],
					"type": "filter_rule"
				}, {
					"action": "exclude",
					"rules": [{
							"type": "filter_hidden"
						}, {
							"type": "filter_shared"
						}
					],
					"type": "filter_rule"
				}
			]
		},
		"account_map": {
			"id": "{{account_map_id}}"
		 },
	   "source":{  
		  "connection":{  
			 "id":"{source_connection_id}"
		  },
		  "target":{  
			 "path":"{source_target_path}"
		  }
	   },
	   "destination":{  
		  "connection":{  
			 "id":"{destination_connection_id}"
		  },
		  "target":{  
			 "path":"{destination_target_path}",
			 "uri":"{destination_site_uri}"
		  }
	   }
	},
	"schedule":{  
	   "mode":"auto",
	   "repeat_interval":{  
		  "value":30,
		  "unit":"m"
	   }
	},
	"stop_policy":{  
	   "on_success":3,
	   "on_failure":5
	}
 }