{
	"name" : "{jobname}",
	"category":{  "name":"{category}"},
	"kind":"{transfer}",
	"transfer":{  
	   "transfer_type":"copy",
	   "simulation_mode": false,
	   "batch_mode":"always",
	   "conflict_resolution":"latest",
	   "delete_propagation":"ignore_both",
	   "timestamps":true,
	   "audit_level":"info",
	   "empty_containers":"create",
	   "link_detection": false,
	   "segment_transform":true,
	   "preserve_owners":true,
	   "permissions": {
			"policy": "add",
			"links": true,
			"failures": "none"
		},
	   "large_item":"skip",
	   "lock_propagation":"ignore",
	   "restricted_content":"convert",
	   "versioning": {
			"preserve": "native",
			"select": "all"
		},
		"filter": "{filter_replace}",
		"schedule": {"mode": "manual"},
		"account_map": {
			"id": "{{account_map_id}}"
		 },
	   "source":{  
		  "connection":{  
			 "id":"{source_connection_id}"
		  },
		  "impersonate_as": {
			"email": "{source_user}"
		  },
		  "target":{  
			 "path":"{source_target_path}"
		  }
	   },
	   "destination": {  
		  "connection": {  
			 "id": "{destination_connection_id}"
		  },
		  "impersonate_as": {
			"username": "{destination_username}"
		},
		  "target":{  
			"path": "{destination_target_path}"
		  }
	   }
	},
	"schedule": {"mode": "manual"}
 }